"id","is_active","country_id","service_id","dynamic_field_id","inserted_at","updated_at"
1,true,1,143,1,2019-01-11 04:44:00.000,2019-01-11 04:44:00.000
2,true,1,2,1,2019-01-11 04:44:00.000,2019-01-11 04:44:00.000
3,true,1,3,1,2019-01-11 04:44:00.000,2019-01-11 04:44:00.000
4,true,1,4,1,2019-01-11 04:44:00.000,2019-01-11 04:44:00.000
5,true,1,5,1,2019-01-11 04:44:00.000,2019-01-11 04:44:00.000
6,true,1,6,1,2019-01-11 04:44:00.000,2019-01-11 04:44:00.000
7,true,1,7,1,2019-01-11 04:44:00.000,2019-01-11 04:44:00.000
8,true,1,8,1,2019-01-11 04:44:00.000,2019-01-11 04:44:00.000
9,true,1,9,1,2019-01-11 04:44:00.000,2019-01-11 04:44:00.000
11,true,1,11,1,2019-01-11 04:44:00.000,2019-01-11 04:44:00.000
12,true,1,12,1,2019-01-11 04:44:00.000,2019-01-11 04:44:00.000
13,true,1,13,1,2019-01-11 04:44:00.000,2019-01-11 04:44:00.000
14,true,1,14,1,2019-01-11 04:44:00.000,2019-01-11 04:44:00.000
15,true,1,15,1,2019-01-11 04:44:00.000,2019-01-11 04:44:00.000
16,true,1,16,1,2019-01-11 04:44:00.000,2019-01-11 04:44:00.000
17,true,1,17,1,2019-01-11 04:44:00.000,2019-01-11 04:44:00.000
18,true,1,18,1,2019-01-11 04:44:00.000,2019-01-11 04:44:00.000
19,true,1,19,1,2019-01-11 04:44:00.000,2019-01-11 04:44:00.000
20,true,1,20,1,2019-01-11 04:44:00.000,2019-01-11 04:44:00.000
21,true,1,21,1,2019-01-11 04:44:00.000,2019-01-11 04:44:00.000
22,true,1,22,1,2019-01-11 04:44:00.000,2019-01-11 04:44:00.000
23,true,1,23,1,2019-01-11 04:44:00.000,2019-01-11 04:44:00.000
24,true,1,24,1,2019-01-11 04:44:00.000,2019-01-11 04:44:00.000
25,true,1,25,1,2019-01-11 04:44:00.000,2019-01-11 04:44:00.000
26,true,1,26,1,2019-01-11 04:44:00.000,2019-01-11 04:44:00.000
27,true,1,27,1,2019-01-11 04:44:00.000,2019-01-11 04:44:00.000
28,true,1,28,1,2019-01-11 04:44:00.000,2019-01-11 04:44:00.000
29,true,1,29,1,2019-01-11 04:44:00.000,2019-01-11 04:44:00.000
30,true,1,30,1,2019-01-11 04:44:00.000,2019-01-11 04:44:00.000
31,true,1,31,1,2019-01-11 04:44:00.000,2019-01-11 04:44:00.000
32,true,1,32,1,2019-01-11 04:44:00.000,2019-01-11 04:44:00.000
33,true,1,33,1,2019-01-11 04:44:00.000,2019-01-11 04:44:00.000
34,true,1,34,1,2019-01-11 04:44:00.000,2019-01-11 04:44:00.000
35,true,1,35,1,2019-01-11 04:44:00.000,2019-01-11 04:44:00.000
36,true,1,36,1,2019-01-11 04:44:00.000,2019-01-11 04:44:00.000
37,true,1,37,1,2019-01-11 04:44:00.000,2019-01-11 04:44:00.000
38,true,1,38,1,2019-01-11 04:44:00.000,2019-01-11 04:44:00.000
39,true,1,39,1,2019-01-11 04:44:00.000,2019-01-11 04:44:00.000
40,true,1,40,1,2019-01-11 04:44:00.000,2019-01-11 04:44:00.000
41,true,1,41,1,2019-01-11 04:44:00.000,2019-01-11 04:44:00.000
42,true,1,42,1,2019-01-11 04:44:00.000,2019-01-11 04:44:00.000
43,true,1,43,1,2019-01-11 04:44:00.000,2019-01-11 04:44:00.000
44,true,1,44,1,2019-01-11 04:44:00.000,2019-01-11 04:44:00.000
45,true,1,45,1,2019-01-11 04:44:00.000,2019-01-11 04:44:00.000
46,true,1,46,1,2019-01-11 04:44:00.000,2019-01-11 04:44:00.000
47,true,1,47,1,2019-01-11 04:44:00.000,2019-01-11 04:44:00.000
48,true,1,48,1,2019-01-11 04:44:00.000,2019-01-11 04:44:00.000
49,true,1,49,1,2019-01-11 04:44:00.000,2019-01-11 04:44:00.000
50,true,1,50,1,2019-01-11 04:44:00.000,2019-01-11 04:44:00.000
51,true,1,51,1,2019-01-11 04:44:00.000,2019-01-11 04:44:00.000
52,true,1,52,1,2019-01-11 04:44:00.000,2019-01-11 04:44:00.000
53,true,1,53,1,2019-01-11 04:44:00.000,2019-01-11 04:44:00.000
54,true,1,54,1,2019-01-11 04:44:00.000,2019-01-11 04:44:00.000
55,true,1,55,1,2019-01-11 04:44:00.000,2019-01-11 04:44:00.000
56,true,1,56,1,2019-01-11 04:44:00.000,2019-01-11 04:44:00.000
57,true,1,57,1,2019-01-11 04:44:00.000,2019-01-11 04:44:00.000
58,true,1,58,1,2019-01-11 04:44:00.000,2019-01-11 04:44:00.000
59,true,1,59,1,2019-01-11 04:44:00.000,2019-01-11 04:44:00.000
60,true,1,60,1,2019-01-11 04:44:00.000,2019-01-11 04:44:00.000
61,true,1,61,1,2019-01-11 04:44:00.000,2019-01-11 04:44:00.000
62,true,1,62,1,2019-01-11 04:44:00.000,2019-01-11 04:44:00.000
63,true,1,63,1,2019-01-11 04:44:00.000,2019-01-11 04:44:00.000
64,true,1,64,1,2019-01-11 04:44:00.000,2019-01-11 04:44:00.000
65,true,1,65,1,2019-01-11 04:44:00.000,2019-01-11 04:44:00.000
66,true,1,66,1,2019-01-11 04:44:00.000,2019-01-11 04:44:00.000
67,true,1,67,1,2019-01-11 04:44:00.000,2019-01-11 04:44:00.000
68,true,1,68,1,2019-01-11 04:44:00.000,2019-01-11 04:44:00.000
69,true,1,69,1,2019-01-11 04:44:00.000,2019-01-11 04:44:00.000
70,true,1,70,1,2019-01-11 04:44:00.000,2019-01-11 04:44:00.000
71,true,1,71,1,2019-01-11 04:44:00.000,2019-01-11 04:44:00.000
72,true,1,72,1,2019-01-11 04:44:00.000,2019-01-11 04:44:00.000
73,true,1,73,1,2019-01-11 04:44:00.000,2019-01-11 04:44:00.000
74,true,1,74,1,2019-01-11 04:44:00.000,2019-01-11 04:44:00.000
75,true,1,75,1,2019-01-11 04:44:00.000,2019-01-11 04:44:00.000
76,true,1,76,1,2019-01-11 04:44:00.000,2019-01-11 04:44:00.000
77,true,1,77,1,2019-01-11 04:44:00.000,2019-01-11 04:44:00.000
78,true,1,78,1,2019-01-11 04:44:00.000,2019-01-11 04:44:00.000
79,true,1,79,1,2019-01-11 04:44:00.000,2019-01-11 04:44:00.000
80,true,1,80,1,2019-01-11 04:44:00.000,2019-01-11 04:44:00.000
81,true,1,81,1,2019-01-11 04:44:00.000,2019-01-11 04:44:00.000
82,true,1,82,1,2019-01-11 04:44:00.000,2019-01-11 04:44:00.000
83,true,1,83,1,2019-01-11 04:44:00.000,2019-01-11 04:44:00.000
84,true,1,84,1,2019-01-11 04:44:00.000,2019-01-11 04:44:00.000
85,true,1,85,1,2019-01-11 04:44:00.000,2019-01-11 04:44:00.000
86,true,1,86,1,2019-01-11 04:44:00.000,2019-01-11 04:44:00.000
87,true,1,87,1,2019-01-11 04:44:00.000,2019-01-11 04:44:00.000
88,false,1,88,1,2019-01-11 04:44:00.000,2019-01-11 04:44:00.000
89,true,1,89,1,2019-01-11 04:44:00.000,2019-01-11 04:44:00.000
90,true,1,90,1,2019-01-11 04:44:00.000,2019-01-11 04:44:00.000
91,true,1,91,1,2019-01-11 04:44:00.000,2019-01-11 04:44:00.000
92,true,1,92,1,2019-01-11 04:44:00.000,2019-01-11 04:44:00.000
93,true,1,93,1,2019-01-11 04:44:00.000,2019-01-11 04:44:00.000
94,true,1,94,1,2019-01-11 04:44:00.000,2019-01-11 04:44:00.000
95,true,1,95,1,2019-01-11 04:44:00.000,2019-01-11 04:44:00.000
96,true,1,96,1,2019-01-11 04:44:00.000,2019-01-11 04:44:00.000
97,true,1,97,1,2019-01-11 04:44:00.000,2019-01-11 04:44:00.000
98,true,1,98,1,2019-01-11 04:44:00.000,2019-01-11 04:44:00.000
99,true,1,99,1,2019-01-11 04:44:00.000,2019-01-11 04:44:00.000
100,true,1,100,1,2019-01-11 04:44:00.000,2019-01-11 04:44:00.000
101,true,1,101,1,2019-01-11 04:44:00.000,2019-01-11 04:44:00.000
102,true,1,102,1,2019-01-11 04:44:00.000,2019-01-11 04:44:00.000
103,true,1,103,1,2019-01-11 04:44:00.000,2019-01-11 04:44:00.000
104,true,1,104,1,2019-01-11 04:44:00.000,2019-01-11 04:44:00.000
105,true,1,105,1,2019-01-11 04:44:00.000,2019-01-11 04:44:00.000
106,true,1,106,1,2019-01-11 04:44:00.000,2019-01-11 04:44:00.000
107,true,1,107,1,2019-01-11 04:44:00.000,2019-01-11 04:44:00.000
108,true,1,108,1,2019-01-11 04:44:00.000,2019-01-11 04:44:00.000
109,true,1,109,1,2019-01-11 04:44:00.000,2019-01-11 04:44:00.000
110,true,1,110,1,2019-01-11 04:44:00.000,2019-01-11 04:44:00.000
111,true,1,111,1,2019-01-11 04:44:00.000,2019-01-11 04:44:00.000
112,true,1,112,1,2019-01-11 04:44:00.000,2019-01-11 04:44:00.000
113,true,1,113,1,2019-01-11 04:44:00.000,2019-01-11 04:44:00.000
114,true,1,114,1,2019-01-11 04:44:00.000,2019-01-11 04:44:00.000
115,true,1,115,1,2019-01-11 04:44:00.000,2019-01-11 04:44:00.000
116,true,1,116,1,2019-01-11 04:44:00.000,2019-01-11 04:44:00.000
117,true,1,117,1,2019-01-11 04:44:00.000,2019-01-11 04:44:00.000
118,true,1,118,1,2019-01-11 04:44:00.000,2019-01-11 04:44:00.000
119,true,1,119,1,2019-01-11 04:44:00.000,2019-01-11 04:44:00.000
120,true,1,120,1,2019-01-11 04:44:00.000,2019-01-11 04:44:00.000
121,true,1,121,1,2019-01-11 04:44:00.000,2019-01-11 04:44:00.000
122,true,1,122,1,2019-01-11 04:44:00.000,2019-01-11 04:44:00.000
123,true,1,123,1,2019-01-11 04:44:00.000,2019-01-11 04:44:00.000
124,true,1,124,1,2019-01-11 04:44:00.000,2019-01-11 04:44:00.000
125,true,1,125,1,2019-01-11 04:44:00.000,2019-01-11 04:44:00.000
126,true,1,126,1,2019-01-11 04:44:00.000,2019-01-11 04:44:00.000
127,true,1,127,1,2019-01-11 04:44:00.000,2019-01-11 04:44:00.000
128,true,1,128,1,2019-01-11 04:44:00.000,2019-01-11 04:44:00.000
129,true,1,129,1,2019-01-11 04:44:00.000,2019-01-11 04:44:00.000
130,true,1,130,1,2019-01-11 04:44:00.000,2019-01-11 04:44:00.000
131,true,1,131,1,2019-01-11 04:44:00.000,2019-01-11 04:44:00.000
132,true,1,132,1,2019-01-11 04:44:00.000,2019-01-11 04:44:00.000
133,true,1,133,1,2019-01-11 04:44:00.000,2019-01-11 04:44:00.000
134,true,1,134,1,2019-01-11 04:44:00.000,2019-01-11 04:44:00.000
135,true,1,135,1,2019-01-11 04:44:00.000,2019-01-11 04:44:00.000
136,true,1,136,1,2019-01-11 04:44:00.000,2019-01-11 04:44:00.000
137,true,1,137,1,2019-01-11 04:44:00.000,2019-01-11 04:44:00.000
138,true,1,138,1,2019-01-11 04:44:00.000,2019-01-11 04:44:00.000
139,true,1,139,1,2019-01-11 04:44:00.000,2019-01-11 04:44:00.000
140,true,1,140,1,2019-01-11 04:44:00.000,2019-01-11 04:44:00.000
141,true,1,141,1,2019-01-11 04:44:00.000,2019-01-11 04:44:00.000
142,true,1,142,1,2019-01-11 04:44:00.000,2019-01-11 04:44:00.000
143,true,1,143,1,2019-01-11 04:44:00.000,2019-01-11 04:44:00.000
144,true,1,144,1,2019-01-11 04:44:00.000,2019-01-11 04:44:00.000
145,true,1,145,1,2019-01-11 04:44:00.000,2019-01-11 04:44:00.000
146,true,1,146,1,2019-01-11 04:44:00.000,2019-01-11 04:44:00.000
147,true,1,147,1,2019-01-11 04:44:00.000,2019-01-11 04:44:00.000
148,true,1,148,1,2019-01-11 04:44:00.000,2019-01-11 04:44:00.000
149,true,1,149,1,2019-01-11 04:44:00.000,2019-01-11 04:44:00.000
150,true,1,150,1,2019-01-11 04:44:00.000,2019-01-11 04:44:00.000
151,true,1,151,1,2019-01-11 04:44:00.000,2019-01-11 04:44:00.000
152,true,1,152,1,2019-01-11 04:44:00.000,2019-01-11 04:44:00.000
153,true,1,153,1,2019-01-11 04:44:00.000,2019-01-11 04:44:00.000
154,true,1,154,1,2019-01-11 04:44:00.000,2019-01-11 04:44:00.000
155,true,1,155,1,2019-01-11 04:44:00.000,2019-01-11 04:44:00.000
156,true,1,156,1,2019-01-11 04:44:00.000,2019-01-11 04:44:00.000
157,true,1,157,1,2019-01-11 04:44:00.000,2019-01-11 04:44:00.000
158,true,1,158,1,2019-01-11 04:44:00.000,2019-01-11 04:44:00.000
159,true,1,159,1,2019-01-11 04:44:00.000,2019-01-11 04:44:00.000
160,true,1,160,1,2019-01-11 04:44:00.000,2019-01-11 04:44:00.000
161,true,1,161,1,2019-01-11 04:44:00.000,2019-01-11 04:44:00.000
162,true,1,162,1,2019-01-11 04:44:00.000,2019-01-11 04:44:00.000
163,true,1,163,1,2019-01-11 04:44:00.000,2019-01-11 04:44:00.000
164,true,1,164,1,2019-01-11 04:44:00.000,2019-01-11 04:44:00.000
165,true,1,165,1,2019-01-11 04:44:00.000,2019-01-11 04:44:00.000
166,true,1,166,1,2019-01-11 04:44:00.000,2019-01-11 04:44:00.000
167,true,1,167,1,2019-01-11 04:44:00.000,2019-01-11 04:44:00.000
168,true,1,168,1,2019-01-11 04:44:00.000,2019-01-11 04:44:00.000
169,true,1,169,1,2019-01-11 04:44:00.000,2019-01-11 04:44:00.000
170,true,1,170,1,2019-01-11 04:44:00.000,2019-01-11 04:44:00.000
171,true,1,171,1,2019-01-11 04:44:00.000,2019-01-11 04:44:00.000
172,true,1,172,1,2019-01-11 04:44:00.000,2019-01-11 04:44:00.000
173,true,1,173,1,2019-01-11 04:44:00.000,2019-01-11 04:44:00.000
174,true,1,174,1,2019-01-11 04:44:00.000,2019-01-11 04:44:00.000
175,true,1,175,1,2019-01-11 04:44:00.000,2019-01-11 04:44:00.000
176,true,1,176,1,2019-01-11 04:44:00.000,2019-01-11 04:44:00.000
177,true,1,177,1,2019-01-11 04:44:00.000,2019-01-11 04:44:00.000
178,true,1,178,1,2019-01-11 04:44:00.000,2019-01-11 04:44:00.000
179,true,1,179,1,2019-01-11 04:44:00.000,2019-01-11 04:44:00.000
180,true,1,180,1,2019-01-11 04:44:00.000,2019-01-11 04:44:00.000
181,true,1,181,1,2019-01-11 04:44:00.000,2019-01-11 04:44:00.000
182,true,1,182,1,2019-01-11 04:44:00.000,2019-01-11 04:44:00.000
183,true,1,183,1,2019-01-11 04:44:00.000,2019-01-11 04:44:00.000
184,true,1,184,1,2019-01-11 04:44:00.000,2019-01-11 04:44:00.000
185,true,1,185,1,2019-01-11 04:44:00.000,2019-01-11 04:44:00.000
186,true,1,186,1,2019-01-11 04:44:00.000,2019-01-11 04:44:00.000
187,true,1,187,1,2019-01-11 04:44:00.000,2019-01-11 04:44:00.000
188,true,1,188,1,2019-01-11 04:44:00.000,2019-01-11 04:44:00.000
189,true,1,189,1,2019-01-11 04:44:00.000,2019-01-11 04:44:00.000
190,true,1,190,1,2019-01-11 04:44:00.000,2019-01-11 04:44:00.000
191,true,1,191,1,2019-01-11 04:44:00.000,2019-01-11 04:44:00.000
192,true,1,192,1,2019-01-11 04:44:00.000,2019-01-11 04:44:00.000
193,true,1,193,1,2019-01-11 04:44:00.000,2019-01-11 04:44:00.000
194,true,1,194,1,2019-01-11 04:44:00.000,2019-01-11 04:44:00.000
195,true,1,195,1,2019-01-11 04:44:00.000,2019-01-11 04:44:00.000
196,true,1,196,1,2019-01-11 04:44:00.000,2019-01-11 04:44:00.000
197,true,1,197,1,2019-01-11 04:44:00.000,2019-01-11 04:44:00.000
198,true,1,198,1,2019-01-11 04:44:00.000,2019-01-11 04:44:00.000
199,true,1,199,1,2019-01-11 04:44:00.000,2019-01-11 04:44:00.000
200,true,1,200,1,2019-01-11 04:44:00.000,2019-01-11 04:44:00.000
201,true,1,201,1,2019-01-11 04:44:00.000,2019-01-11 04:44:00.000
202,true,1,202,1,2019-01-11 04:44:00.000,2019-01-11 04:44:00.000
203,true,1,203,1,2019-01-11 04:44:00.000,2019-01-11 04:44:00.000
204,true,1,204,1,2019-01-11 04:44:00.000,2019-01-11 04:44:00.000
205,true,1,205,1,2019-01-11 04:44:00.000,2019-01-11 04:44:00.000
206,true,1,206,1,2019-01-11 04:44:00.000,2019-01-11 04:44:00.000
207,true,1,207,1,2019-01-11 04:44:00.000,2019-01-11 04:44:00.000
208,true,1,208,1,2019-01-11 04:44:00.000,2019-01-11 04:44:00.000
209,true,1,209,1,2019-01-11 04:44:00.000,2019-01-11 04:44:00.000
210,true,1,210,1,2019-01-11 04:44:00.000,2019-01-11 04:44:00.000
211,true,1,211,1,2019-01-11 04:44:00.000,2019-01-11 04:44:00.000
212,true,1,212,1,2019-01-11 04:44:00.000,2019-01-11 04:44:00.000
213,true,1,213,1,2019-01-11 04:44:00.000,2019-01-11 04:44:00.000
214,true,1,214,1,2019-01-11 04:44:00.000,2019-01-11 04:44:00.000
215,true,1,215,1,2019-01-11 04:44:00.000,2019-01-11 04:44:00.000
216,true,1,216,1,2019-01-11 04:44:00.000,2019-01-11 04:44:00.000
217,true,1,217,1,2019-01-11 04:44:00.000,2019-01-11 04:44:00.000
218,true,1,218,1,2019-01-11 04:44:00.000,2019-01-11 04:44:00.000
219,true,1,219,1,2019-01-11 04:44:00.000,2019-01-11 04:44:00.000
220,true,1,220,1,2019-01-11 04:44:00.000,2019-01-11 04:44:00.000
221,true,1,221,1,2019-01-11 04:44:00.000,2019-01-11 04:44:00.000
222,true,1,222,1,2019-01-11 04:44:00.000,2019-01-11 04:44:00.000
223,true,1,223,1,2019-01-11 04:44:00.000,2019-01-11 04:44:00.000
224,true,1,224,1,2019-01-11 04:44:00.000,2019-01-11 04:44:00.000
225,true,1,225,1,2019-01-11 04:44:00.000,2019-01-11 04:44:00.000
226,true,1,226,1,2019-01-11 04:44:00.000,2019-01-11 04:44:00.000
227,true,1,227,1,2019-01-11 04:44:00.000,2019-01-11 04:44:00.000
228,true,1,228,1,2019-01-11 04:44:00.000,2019-01-11 04:44:00.000
229,true,1,229,1,2019-01-11 04:44:00.000,2019-01-11 04:44:00.000
230,true,1,230,1,2019-01-11 04:44:00.000,2019-01-11 04:44:00.000
231,true,1,231,1,2019-01-11 04:44:00.000,2019-01-11 04:44:00.000
232,true,1,232,1,2019-01-11 04:44:00.000,2019-01-11 04:44:00.000
233,true,1,233,1,2019-01-11 04:44:00.000,2019-01-11 04:44:00.000
234,true,1,234,1,2019-01-11 04:44:00.000,2019-01-11 04:44:00.000
235,true,1,235,1,2019-01-11 04:44:00.000,2019-01-11 04:44:00.000
236,true,1,236,1,2019-01-11 04:44:00.000,2019-01-11 04:44:00.000
237,true,1,237,1,2019-01-11 04:44:00.000,2019-01-11 04:44:00.000
238,true,1,238,1,2019-01-11 04:44:00.000,2019-01-11 04:44:00.000
239,true,1,239,1,2019-01-11 04:44:00.000,2019-01-11 04:44:00.000
240,true,1,240,1,2019-01-11 04:44:00.000,2019-01-11 04:44:00.000
241,true,1,241,1,2019-01-11 04:44:00.000,2019-01-11 04:44:00.000
242,true,1,242,1,2019-01-11 04:44:00.000,2019-01-11 04:44:00.000
243,true,1,243,1,2019-01-11 04:44:00.000,2019-01-11 04:44:00.000
244,true,1,244,1,2019-01-11 04:44:00.000,2019-01-11 04:44:00.000
245,true,1,245,1,2019-01-11 04:44:00.000,2019-01-11 04:44:00.000
246,true,1,246,1,2019-01-11 04:44:00.000,2019-01-11 04:44:00.000
247,true,1,247,1,2019-01-11 04:44:00.000,2019-01-11 04:44:00.000
248,true,1,248,1,2019-01-11 04:44:00.000,2019-01-11 04:44:00.000
249,true,1,249,1,2019-01-11 04:44:00.000,2019-01-11 04:44:00.000
250,true,1,250,1,2019-01-11 04:44:00.000,2019-01-11 04:44:00.000
251,true,1,251,1,2019-01-11 04:44:00.000,2019-01-11 04:44:00.000
253,true,1,253,1,2019-01-11 04:44:00.000,2019-01-11 04:44:00.000
254,true,1,254,1,2019-01-11 04:44:00.000,2019-01-11 04:44:00.000
255,true,1,255,1,2019-01-11 04:44:00.000,2019-01-11 04:44:00.000
256,true,1,256,1,2019-01-11 04:44:00.000,2019-01-11 04:44:00.000
257,true,1,257,1,2019-01-11 04:44:00.000,2019-01-11 04:44:00.000
260,true,1,260,1,2019-01-11 04:44:00.000,2019-01-11 04:44:00.000
261,true,1,261,1,2019-01-11 04:44:00.000,2019-01-11 04:44:00.000
262,true,1,262,1,2019-01-11 04:44:00.000,2019-01-11 04:44:00.000
263,true,1,263,1,2019-01-11 04:44:00.000,2019-01-11 04:44:00.000
264,true,1,264,1,2019-01-11 04:44:00.000,2019-01-11 04:44:00.000
265,true,1,265,1,2019-01-11 04:44:00.000,2019-01-11 04:44:00.000
266,true,1,266,1,2019-01-11 04:44:00.000,2019-01-11 04:44:00.000
267,true,1,267,1,2019-01-11 04:44:00.000,2019-01-11 04:44:00.000
268,true,1,268,1,2019-01-11 04:44:00.000,2019-01-11 04:44:00.000
269,true,1,269,1,2019-01-11 04:44:00.000,2019-01-11 04:44:00.000
270,true,1,270,1,2019-01-11 04:44:00.000,2019-01-11 04:44:00.000
271,true,1,271,1,2019-01-11 04:44:00.000,2019-01-11 04:44:00.000
272,true,1,272,1,2019-01-11 04:44:00.000,2019-01-11 04:44:00.000
274,true,1,274,1,2019-01-11 04:44:00.000,2019-01-11 04:44:00.000
275,true,1,275,1,2019-01-11 04:44:00.000,2019-01-11 04:44:00.000
276,true,1,276,1,2019-01-11 04:44:00.000,2019-01-11 04:44:00.000
277,true,1,277,1,2019-01-11 04:44:00.000,2019-01-11 04:44:00.000
278,true,1,278,1,2019-01-11 04:44:00.000,2019-01-11 04:44:00.000
279,true,1,279,1,2019-01-11 04:44:00.000,2019-01-11 04:44:00.000
280,true,1,280,1,2019-01-11 04:44:00.000,2019-01-11 04:44:00.000
281,true,1,281,1,2019-01-11 04:44:00.000,2019-01-11 04:44:00.000
282,true,1,282,1,2019-01-11 04:44:00.000,2019-01-11 04:44:00.000
283,true,1,283,1,2019-01-11 04:44:00.000,2019-01-11 04:44:00.000
284,true,1,284,1,2019-01-11 04:44:00.000,2019-01-11 04:44:00.000
285,true,1,285,1,2019-01-11 04:44:00.000,2019-01-11 04:44:00.000
286,true,1,286,1,2019-01-11 04:44:00.000,2019-01-11 04:44:00.000
287,true,1,287,1,2019-01-11 04:44:00.000,2019-01-11 04:44:00.000
288,true,1,288,1,2019-01-11 04:44:00.000,2019-01-11 04:44:00.000
289,true,1,289,1,2019-01-11 04:44:00.000,2019-01-11 04:44:00.000
290,true,1,290,1,2019-01-11 04:44:00.000,2019-01-11 04:44:00.000
291,true,1,291,1,2019-01-11 04:44:00.000,2019-01-11 04:44:00.000
292,true,1,292,1,2019-01-11 04:44:00.000,2019-01-11 04:44:00.000
293,true,1,293,1,2019-01-11 04:44:00.000,2019-01-11 04:44:00.000
294,true,1,294,1,2019-01-11 04:44:00.000,2019-01-11 04:44:00.000
295,true,1,295,1,2019-01-11 04:44:00.000,2019-01-11 04:44:00.000
297,true,1,297,1,2019-01-11 04:44:00.000,2019-01-11 04:44:00.000
298,true,1,298,1,2019-01-11 04:44:00.000,2019-01-11 04:44:00.000
299,true,1,299,1,2019-01-11 04:44:00.000,2019-01-11 04:44:00.000
300,true,1,300,1,2019-01-11 04:44:00.000,2019-01-11 04:44:00.000
301,true,1,301,1,2019-01-11 04:44:00.000,2019-01-11 04:44:00.000
302,true,1,302,1,2019-01-11 04:44:00.000,2019-01-11 04:44:00.000
303,true,1,303,1,2019-01-11 04:44:00.000,2019-01-11 04:44:00.000
304,true,1,304,1,2019-01-11 04:44:00.000,2019-01-11 04:44:00.000
305,true,1,305,1,2019-01-11 04:44:00.000,2019-01-11 04:44:00.000
306,true,1,306,1,2019-01-11 04:44:00.000,2019-01-11 04:44:00.000
307,true,1,307,1,2019-01-11 04:44:00.000,2019-01-11 04:44:00.000
308,true,1,308,1,2019-01-11 04:44:00.000,2019-01-11 04:44:00.000
309,true,1,309,1,2019-01-11 04:44:00.000,2019-01-11 04:44:00.000
310,true,1,310,1,2019-01-11 04:44:00.000,2019-01-11 04:44:00.000
311,true,1,311,1,2019-01-11 04:44:00.000,2019-01-11 04:44:00.000
312,true,1,312,1,2019-01-11 04:44:00.000,2019-01-11 04:44:00.000
313,true,1,313,1,2019-01-11 04:44:00.000,2019-01-11 04:44:00.000
314,true,1,314,1,2019-01-11 04:44:00.000,2019-01-11 04:44:00.000
315,true,1,315,1,2019-01-11 04:44:00.000,2019-01-11 04:44:00.000
316,true,1,316,1,2019-01-11 04:44:00.000,2019-01-11 04:44:00.000
317,true,1,317,1,2019-01-11 04:44:00.000,2019-01-11 04:44:00.000
318,true,1,318,1,2019-01-11 04:44:00.000,2019-01-11 04:44:00.000
319,true,1,319,1,2019-01-11 04:44:00.000,2019-01-11 04:44:00.000
320,true,1,320,1,2019-01-11 04:44:00.000,2019-01-11 04:44:00.000
321,true,1,321,1,2019-01-11 04:44:00.000,2019-01-11 04:44:00.000
322,true,1,322,1,2019-01-11 04:44:00.000,2019-01-11 04:44:00.000
323,true,1,323,1,2019-01-11 04:44:00.000,2019-01-11 04:44:00.000
324,true,1,324,1,2019-01-11 04:44:00.000,2019-01-11 04:44:00.000
325,true,1,325,1,2019-01-11 04:44:00.000,2019-01-11 04:44:00.000
326,true,1,326,1,2019-01-11 04:44:00.000,2019-01-11 04:44:00.000
327,true,1,327,1,2019-01-11 04:44:00.000,2019-01-11 04:44:00.000
328,true,1,328,1,2019-01-11 04:44:00.000,2019-01-11 04:44:00.000
329,true,1,329,1,2019-01-11 04:44:00.000,2019-01-11 04:44:00.000
330,true,1,330,1,2019-01-11 04:44:00.000,2019-01-11 04:44:00.000
331,true,1,331,1,2019-01-11 04:44:00.000,2019-01-11 04:44:00.000
332,true,1,332,1,2019-01-11 04:44:00.000,2019-01-11 04:44:00.000
333,true,1,333,1,2019-01-11 04:44:00.000,2019-01-11 04:44:00.000
334,true,1,334,1,2019-01-11 04:44:00.000,2019-01-11 04:44:00.000
335,true,1,335,1,2019-01-11 04:44:00.000,2019-01-11 04:44:00.000
336,true,1,336,1,2019-01-11 04:44:00.000,2019-01-11 04:44:00.000
337,true,1,337,1,2019-01-11 04:44:00.000,2019-01-11 04:44:00.000
338,true,1,338,1,2019-01-11 04:44:00.000,2019-01-11 04:44:00.000
339,true,1,339,1,2019-01-11 04:44:00.000,2019-01-11 04:44:00.000
340,true,1,340,1,2019-01-11 04:44:00.000,2019-01-11 04:44:00.000
341,true,1,341,1,2019-01-11 04:44:00.000,2019-01-11 04:44:00.000
342,true,1,342,1,2019-01-11 04:44:00.000,2019-01-11 04:44:00.000
343,true,1,343,1,2019-01-11 04:44:00.000,2019-01-11 04:44:00.000
344,true,1,344,1,2019-01-11 04:44:00.000,2019-01-11 04:44:00.000
345,true,1,345,1,2019-01-11 04:44:00.000,2019-01-11 04:44:00.000
346,true,1,346,1,2019-01-11 04:44:00.000,2019-01-11 04:44:00.000
347,true,1,347,1,2019-01-11 04:44:00.000,2019-01-11 04:44:00.000
348,true,1,348,1,2019-01-11 04:44:00.000,2019-01-11 04:44:00.000
349,true,1,349,1,2019-01-11 04:44:00.000,2019-01-11 04:44:00.000
350,true,1,350,1,2019-01-11 04:44:00.000,2019-01-11 04:44:00.000
351,true,1,351,1,2019-01-11 04:44:00.000,2019-01-11 04:44:00.000
353,true,1,353,1,2019-01-11 04:44:00.000,2019-01-11 04:44:00.000
354,true,1,354,1,2019-01-11 04:44:00.000,2019-01-11 04:44:00.000
355,true,1,355,1,2019-01-11 04:44:00.000,2019-01-11 04:44:00.000
356,true,1,356,1,2019-01-11 04:44:00.000,2019-01-11 04:44:00.000
357,true,1,357,1,2019-01-11 04:44:00.000,2019-01-11 04:44:00.000
358,true,1,358,1,2019-01-11 04:44:00.000,2019-01-11 04:44:00.000
359,true,1,359,1,2019-01-11 04:44:00.000,2019-01-11 04:44:00.000
360,true,1,360,1,2019-01-11 04:44:00.000,2019-01-11 04:44:00.000
361,true,1,361,1,2019-01-11 04:44:00.000,2019-01-11 04:44:00.000
362,true,1,362,1,2019-01-11 04:44:00.000,2019-01-11 04:44:00.000
363,true,1,363,1,2019-01-11 04:44:00.000,2019-01-11 04:44:00.000
364,true,1,364,1,2019-01-11 04:44:00.000,2019-01-11 04:44:00.000
365,true,1,365,1,2019-01-11 04:44:00.000,2019-01-11 04:44:00.000
366,true,1,366,1,2019-01-11 04:44:00.000,2019-01-11 04:44:00.000
367,true,1,367,1,2019-01-11 04:44:00.000,2019-01-11 04:44:00.000
368,true,1,368,1,2019-01-11 04:44:00.000,2019-01-11 04:44:00.000
369,true,1,369,1,2019-01-11 04:44:00.000,2019-01-11 04:44:00.000
370,true,1,370,1,2019-01-11 04:44:00.000,2019-01-11 04:44:00.000
371,true,1,371,1,2019-01-11 04:44:00.000,2019-01-11 04:44:00.000
372,true,1,372,1,2019-01-11 04:44:00.000,2019-01-11 04:44:00.000
373,true,1,373,1,2019-01-11 04:44:00.000,2019-01-11 04:44:00.000
374,true,1,374,1,2019-01-11 04:44:00.000,2019-01-11 04:44:00.000
375,true,1,375,1,2019-01-11 04:44:00.000,2019-01-11 04:44:00.000
376,true,1,376,1,2019-01-11 04:44:00.000,2019-01-11 04:44:00.000
377,true,1,377,1,2019-01-11 04:44:00.000,2019-01-11 04:44:00.000
378,true,1,378,1,2019-01-11 04:44:00.000,2019-01-11 04:44:00.000
379,true,1,379,1,2019-01-11 04:44:00.000,2019-01-11 04:44:00.000
380,true,1,380,1,2019-01-11 04:44:00.000,2019-01-11 04:44:00.000
381,true,1,381,1,2019-01-11 04:44:00.000,2019-01-11 04:44:00.000
382,true,1,382,1,2019-01-11 04:44:00.000,2019-01-11 04:44:00.000
383,true,1,383,1,2019-01-11 04:44:00.000,2019-01-11 04:44:00.000
384,true,1,384,1,2019-01-11 04:44:00.000,2019-01-11 04:44:00.000
385,true,1,385,1,2019-01-11 04:44:00.000,2019-01-11 04:44:00.000
386,true,1,386,1,2019-01-11 04:44:00.000,2019-01-11 04:44:00.000
387,true,1,387,1,2019-01-11 04:44:00.000,2019-01-11 04:44:00.000
388,true,1,388,1,2019-01-11 04:44:00.000,2019-01-11 04:44:00.000
389,true,1,389,1,2019-01-11 04:44:00.000,2019-01-11 04:44:00.000
390,true,1,390,1,2019-01-11 04:44:00.000,2019-01-11 04:44:00.000
391,true,1,391,1,2019-01-11 04:44:00.000,2019-01-11 04:44:00.000
392,true,1,392,1,2019-01-11 04:44:00.000,2019-01-11 04:44:00.000
393,true,1,393,1,2019-01-11 04:44:00.000,2019-01-11 04:44:00.000
394,true,1,394,1,2019-01-11 04:44:00.000,2019-01-11 04:44:00.000
395,true,1,395,1,2019-01-11 04:44:00.000,2019-01-11 04:44:00.000
396,true,1,396,1,2019-01-11 04:44:00.000,2019-01-11 04:44:00.000
397,true,1,397,1,2019-01-11 04:44:00.000,2019-01-11 04:44:00.000
398,true,1,398,1,2019-01-11 04:44:00.000,2019-01-11 04:44:00.000
399,true,1,399,1,2019-01-11 04:44:00.000,2019-01-11 04:44:00.000
400,true,1,400,1,2019-01-11 04:44:00.000,2019-01-11 04:44:00.000
401,true,1,401,1,2019-01-11 04:44:00.000,2019-01-11 04:44:00.000
402,true,1,402,1,2019-01-11 04:44:00.000,2019-01-11 04:44:00.000
403,true,1,403,1,2019-01-11 04:44:00.000,2019-01-11 04:44:00.000
404,true,1,404,1,2019-01-11 04:44:00.000,2019-01-11 04:44:00.000
405,true,1,405,1,2019-01-11 04:44:00.000,2019-01-11 04:44:00.000
406,true,1,406,1,2019-01-11 04:44:00.000,2019-01-11 04:44:00.000
407,true,1,407,1,2019-01-11 04:44:00.000,2019-01-11 04:44:00.000
408,true,1,408,1,2019-01-11 04:44:00.000,2019-01-11 04:44:00.000
409,true,1,409,1,2019-01-11 04:44:00.000,2019-01-11 04:44:00.000
410,true,1,410,1,2019-01-11 04:44:00.000,2019-01-11 04:44:00.000
411,true,1,411,1,2019-01-11 04:44:00.000,2019-01-11 04:44:00.000
412,true,1,412,1,2019-01-11 04:44:00.000,2019-01-11 04:44:00.000
413,true,1,413,1,2019-01-11 04:44:00.000,2019-01-11 04:44:00.000
414,true,1,414,1,2019-01-11 04:44:00.000,2019-01-11 04:44:00.000
415,true,1,415,1,2019-01-11 04:44:00.000,2019-01-11 04:44:00.000
416,true,1,416,1,2019-01-11 04:44:00.000,2019-01-11 04:44:00.000
417,true,1,417,1,2019-01-11 04:44:00.000,2019-01-11 04:44:00.000
418,true,1,418,1,2019-01-11 04:44:00.000,2019-01-11 04:44:00.000
419,true,1,419,1,2019-01-11 04:44:00.000,2019-01-11 04:44:00.000
420,true,1,420,1,2019-01-11 04:44:00.000,2019-01-11 04:44:00.000
421,true,1,421,1,2019-01-11 04:44:00.000,2019-01-11 04:44:00.000
422,true,1,422,1,2019-01-11 04:44:00.000,2019-01-11 04:44:00.000
423,true,1,423,1,2019-01-11 04:44:00.000,2019-01-11 04:44:00.000
424,true,1,424,1,2019-01-11 04:44:00.000,2019-01-11 04:44:00.000
425,true,1,425,1,2019-01-11 04:44:00.000,2019-01-11 04:44:00.000
426,true,1,426,1,2019-01-11 04:44:00.000,2019-01-11 04:44:00.000
427,true,1,427,1,2019-01-11 04:44:00.000,2019-01-11 04:44:00.000
428,true,1,428,1,2019-01-11 04:44:00.000,2019-01-11 04:44:00.000
429,true,1,429,1,2019-01-11 04:44:00.000,2019-01-11 04:44:00.000
430,true,1,430,1,2019-01-11 04:44:00.000,2019-01-11 04:44:00.000
431,true,1,431,1,2019-01-11 04:44:00.000,2019-01-11 04:44:00.000
432,true,1,432,1,2019-01-11 04:44:00.000,2019-01-11 04:44:00.000
433,true,1,433,1,2019-01-11 04:44:00.000,2019-01-11 04:44:00.000
434,true,1,434,1,2019-01-11 04:44:00.000,2019-01-11 04:44:00.000
435,true,1,435,1,2019-01-11 04:44:00.000,2019-01-11 04:44:00.000
436,true,1,436,1,2019-01-11 04:44:00.000,2019-01-11 04:44:00.000
437,true,1,437,1,2019-01-11 04:44:00.000,2019-01-11 04:44:00.000
438,true,1,438,1,2019-01-11 04:44:00.000,2019-01-11 04:44:00.000
439,true,1,439,1,2019-01-11 04:44:00.000,2019-01-11 04:44:00.000
440,true,1,440,1,2019-01-11 04:44:00.000,2019-01-11 04:44:00.000
441,true,1,441,1,2019-01-11 04:44:00.000,2019-01-11 04:44:00.000
442,true,1,442,1,2019-01-11 04:44:00.000,2019-01-11 04:44:00.000
443,true,1,443,1,2019-01-11 04:44:00.000,2019-01-11 04:44:00.000
444,true,1,444,1,2019-01-11 04:44:00.000,2019-01-11 04:44:00.000
445,true,1,445,1,2019-01-11 04:44:00.000,2019-01-11 04:44:00.000
446,true,1,446,1,2019-01-11 04:44:00.000,2019-01-11 04:44:00.000
447,true,1,447,1,2019-01-11 04:44:00.000,2019-01-11 04:44:00.000
448,true,1,448,1,2019-01-11 04:44:00.000,2019-01-11 04:44:00.000
449,true,1,449,1,2019-01-11 04:44:00.000,2019-01-11 04:44:00.000
450,true,1,450,1,2019-01-11 04:44:00.000,2019-01-11 04:44:00.000
451,true,1,451,1,2019-01-11 04:44:00.000,2019-01-11 04:44:00.000
452,true,1,452,1,2019-01-11 04:44:00.000,2019-01-11 04:44:00.000
453,true,1,453,1,2019-01-11 04:44:00.000,2019-01-11 04:44:00.000
454,true,1,454,1,2019-01-11 04:44:00.000,2019-01-11 04:44:00.000
455,true,1,455,1,2019-01-11 04:44:00.000,2019-01-11 04:44:00.000
456,true,1,456,1,2019-01-11 04:44:00.000,2019-01-11 04:44:00.000
457,true,1,457,1,2019-01-11 04:44:00.000,2019-01-11 04:44:00.000
458,true,1,458,1,2019-01-11 04:44:00.000,2019-01-11 04:44:00.000
459,true,1,459,1,2019-01-11 04:44:00.000,2019-01-11 04:44:00.000
460,true,1,460,1,2019-01-11 04:44:00.000,2019-01-11 04:44:00.000
461,true,1,461,1,2019-01-11 04:44:00.000,2019-01-11 04:44:00.000
462,true,1,462,1,2019-01-11 04:44:00.000,2019-01-11 04:44:00.000
463,true,1,463,1,2019-01-11 04:44:00.000,2019-01-11 04:44:00.000
464,true,1,464,1,2019-01-11 04:44:00.000,2019-01-11 04:44:00.000
465,true,1,465,1,2019-01-11 04:44:00.000,2019-01-11 04:44:00.000
466,true,1,466,1,2019-01-11 04:44:00.000,2019-01-11 04:44:00.000
467,true,1,467,1,2019-01-11 04:44:00.000,2019-01-11 04:44:00.000
468,true,1,468,1,2019-01-11 04:44:00.000,2019-01-11 04:44:00.000
469,true,1,469,1,2019-01-11 04:44:00.000,2019-01-11 04:44:00.000
470,true,1,470,1,2019-01-11 04:44:00.000,2019-01-11 04:44:00.000
471,true,1,471,1,2019-01-11 04:44:00.000,2019-01-11 04:44:00.000
472,true,1,472,1,2019-01-11 04:44:00.000,2019-01-11 04:44:00.000
473,true,1,473,1,2019-01-11 04:44:00.000,2019-01-11 04:44:00.000
474,true,1,474,1,2019-01-11 04:44:00.000,2019-01-11 04:44:00.000
475,true,1,475,1,2019-01-11 04:44:00.000,2019-01-11 04:44:00.000
476,true,1,476,1,2019-01-11 04:44:00.000,2019-01-11 04:44:00.000
477,true,1,477,1,2019-01-11 04:44:00.000,2019-01-11 04:44:00.000
478,true,1,478,1,2019-01-11 04:44:00.000,2019-01-11 04:44:00.000
479,true,1,479,1,2019-01-11 04:44:00.000,2019-01-11 04:44:00.000
480,true,1,480,1,2019-01-11 04:44:00.000,2019-01-11 04:44:00.000
481,true,1,481,1,2019-01-11 04:44:00.000,2019-01-11 04:44:00.000
482,true,1,482,1,2019-01-11 04:44:00.000,2019-01-11 04:44:00.000
483,true,1,483,1,2019-01-11 04:44:00.000,2019-01-11 04:44:00.000
484,true,1,484,1,2019-01-11 04:44:00.000,2019-01-11 04:44:00.000
485,true,1,485,1,2019-01-11 04:44:00.000,2019-01-11 04:44:00.000
486,true,1,486,1,2019-01-11 04:44:00.000,2019-01-11 04:44:00.000
487,true,1,487,1,2019-01-11 04:44:00.000,2019-01-11 04:44:00.000
488,true,1,488,1,2019-01-11 04:44:00.000,2019-01-11 04:44:00.000
489,true,1,489,1,2019-01-11 04:44:00.000,2019-01-11 04:44:00.000
490,true,1,490,1,2019-01-11 04:44:00.000,2019-01-11 04:44:00.000
491,true,1,491,1,2019-01-11 04:44:00.000,2019-01-11 04:44:00.000
492,true,1,492,1,2019-01-11 04:44:00.000,2019-01-11 04:44:00.000
493,true,1,493,1,2019-01-11 04:44:00.000,2019-01-11 04:44:00.000
494,true,1,494,1,2019-01-11 04:44:00.000,2019-01-11 04:44:00.000
495,true,1,495,1,2019-01-11 04:44:00.000,2019-01-11 04:44:00.000
496,true,1,496,1,2019-01-11 04:44:00.000,2019-01-11 04:44:00.000
497,true,1,497,1,2019-01-11 04:44:00.000,2019-01-11 04:44:00.000
498,true,1,498,1,2019-01-11 04:44:00.000,2019-01-11 04:44:00.000
499,true,1,499,1,2019-01-11 04:44:00.000,2019-01-11 04:44:00.000
500,true,1,500,1,2019-01-11 04:44:00.000,2019-01-11 04:44:00.000
501,true,1,501,1,2019-01-11 04:44:00.000,2019-01-11 04:44:00.000
502,true,1,502,1,2019-01-11 04:44:00.000,2019-01-11 04:44:00.000
503,true,1,503,1,2019-01-11 04:44:00.000,2019-01-11 04:44:00.000
504,true,1,504,1,2019-01-11 04:44:00.000,2019-01-11 04:44:00.000
505,true,1,505,1,2019-01-11 04:44:00.000,2019-01-11 04:44:00.000
506,true,1,506,1,2019-01-11 04:44:00.000,2019-01-11 04:44:00.000
507,true,1,507,1,2019-01-11 04:44:00.000,2019-01-11 04:44:00.000
508,true,1,508,1,2019-01-11 04:44:00.000,2019-01-11 04:44:00.000
509,true,1,509,1,2019-01-11 04:44:00.000,2019-01-11 04:44:00.000
510,true,1,510,1,2019-01-11 04:44:00.000,2019-01-11 04:44:00.000
511,true,1,511,1,2019-01-11 04:44:00.000,2019-01-11 04:44:00.000
512,true,1,512,1,2019-01-11 04:44:00.000,2019-01-11 04:44:00.000
513,true,1,513,1,2019-01-11 04:44:00.000,2019-01-11 04:44:00.000
514,true,1,514,1,2019-01-11 04:44:00.000,2019-01-11 04:44:00.000
515,true,1,515,1,2019-01-11 04:44:00.000,2019-01-11 04:44:00.000
516,true,1,516,1,2019-01-11 04:44:00.000,2019-01-11 04:44:00.000
517,true,1,517,1,2019-01-11 04:44:00.000,2019-01-11 04:44:00.000
518,true,1,518,1,2019-01-11 04:44:00.000,2019-01-11 04:44:00.000
519,true,1,519,1,2019-01-11 04:44:00.000,2019-01-11 04:44:00.000
520,true,1,520,1,2019-01-11 04:44:00.000,2019-01-11 04:44:00.000
521,true,1,521,1,2019-01-11 04:44:00.000,2019-01-11 04:44:00.000
522,true,1,522,1,2019-01-11 04:44:00.000,2019-01-11 04:44:00.000
523,true,1,523,1,2019-01-11 04:44:00.000,2019-01-11 04:44:00.000
524,true,1,524,1,2019-01-11 04:44:00.000,2019-01-11 04:44:00.000
525,true,1,525,1,2019-01-11 04:44:00.000,2019-01-11 04:44:00.000
526,true,1,526,1,2019-01-11 04:44:00.000,2019-01-11 04:44:00.000
527,true,1,527,1,2019-01-11 04:44:00.000,2019-01-11 04:44:00.000
528,true,1,528,1,2019-01-11 04:44:00.000,2019-01-11 04:44:00.000
529,true,1,529,1,2019-01-11 04:44:00.000,2019-01-11 04:44:00.000
530,true,1,530,1,2019-01-11 04:44:00.000,2019-01-11 04:44:00.000
531,true,1,531,1,2019-01-11 04:44:00.000,2019-01-11 04:44:00.000
532,true,1,532,1,2019-01-11 04:44:00.000,2019-01-11 04:44:00.000
533,true,1,533,1,2019-01-11 04:44:00.000,2019-01-11 04:44:00.000
534,true,1,534,1,2019-01-11 04:44:00.000,2019-01-11 04:44:00.000
535,true,1,535,1,2019-01-11 04:44:00.000,2019-01-11 04:44:00.000
536,true,1,536,1,2019-01-11 04:44:00.000,2019-01-11 04:44:00.000
537,true,1,537,1,2019-01-11 04:44:00.000,2019-01-11 04:44:00.000
538,true,1,538,1,2019-01-11 04:44:00.000,2019-01-11 04:44:00.000
539,true,1,539,1,2019-01-11 04:44:00.000,2019-01-11 04:44:00.000
540,true,1,540,1,2019-01-11 04:44:00.000,2019-01-11 04:44:00.000
541,true,1,541,1,2019-01-11 04:44:00.000,2019-01-11 04:44:00.000
542,true,1,542,1,2019-01-11 04:44:00.000,2019-01-11 04:44:00.000
543,true,1,543,1,2019-01-11 04:44:00.000,2019-01-11 04:44:00.000
544,true,1,544,1,2019-01-11 04:44:00.000,2019-01-11 04:44:00.000
10,true,1,10,1,2019-01-11 04:44:00.000,2019-01-11 04:44:00.000
273,true,1,273,1,2019-01-11 04:44:00.000,2019-01-11 04:44:00.000
545,true,1,545,1,2019-01-11 04:44:00.000,2019-01-11 04:44:00.000
546,true,1,546,1,2019-01-11 04:44:00.000,2019-01-11 04:44:00.000
547,true,1,547,1,2019-01-11 04:44:00.000,2019-01-11 04:44:00.000
548,true,1,548,1,2019-01-11 04:44:00.000,2019-01-11 04:44:00.000
549,true,1,549,1,2019-01-11 04:44:00.000,2019-01-11 04:44:00.000
550,true,1,550,1,2019-01-11 04:44:00.000,2019-01-11 04:44:00.000
551,true,1,551,1,2019-01-11 04:44:00.000,2019-01-11 04:44:00.000
552,true,1,552,1,2019-01-11 04:44:00.000,2019-01-11 04:44:00.000
553,true,1,553,1,2019-01-11 04:44:00.000,2019-01-11 04:44:00.000
554,true,1,554,1,2019-01-11 04:44:00.000,2019-01-11 04:44:00.000
555,true,1,555,1,2019-01-11 04:44:00.000,2019-01-11 04:44:00.000
556,true,1,556,1,2019-01-11 04:44:00.000,2019-01-11 04:44:00.000
558,true,1,558,1,2019-01-11 04:44:00.000,2019-01-11 04:44:00.000
559,true,1,559,1,2019-01-11 04:44:00.000,2019-01-11 04:44:00.000
560,true,1,560,1,2019-01-11 04:44:00.000,2019-01-11 04:44:00.000
561,true,1,561,1,2019-01-11 04:44:00.000,2019-01-11 04:44:00.000
562,true,1,562,1,2019-01-11 04:44:00.000,2019-01-11 04:44:00.000
563,true,1,563,1,2019-01-11 04:44:00.000,2019-01-11 04:44:00.000
564,true,1,564,1,2019-01-11 04:44:00.000,2019-01-11 04:44:00.000
565,true,1,565,1,2019-01-11 04:44:00.000,2019-01-11 04:44:00.000
566,true,1,566,1,2019-01-11 04:44:00.000,2019-01-11 04:44:00.000
567,true,1,567,1,2019-01-11 04:44:00.000,2019-01-11 04:44:00.000
568,true,1,568,1,2019-01-11 04:44:00.000,2019-01-11 04:44:00.000
569,true,1,569,1,2019-01-11 04:44:00.000,2019-01-11 04:44:00.000
570,true,1,570,1,2019-01-11 04:44:00.000,2019-01-11 04:44:00.000
571,true,1,571,1,2019-01-11 04:44:00.000,2019-01-11 04:44:00.000
557,true,1,557,1,2019-01-11 04:44:00.000,2019-01-11 04:44:00.000
578,true,1,578,1,2019-01-11 04:44:00.000,2019-01-11 04:44:00.000
572,true,1,572,1,2019-01-11 04:44:00.000,2019-01-11 04:44:00.000
573,true,1,573,1,2019-01-11 04:44:00.000,2019-01-11 04:44:00.000
574,true,1,574,1,2019-01-11 04:44:00.000,2019-01-11 04:44:00.000
575,true,1,575,1,2019-01-11 04:44:00.000,2019-01-11 04:44:00.000
576,true,1,576,1,2019-01-11 04:44:00.000,2019-01-11 04:44:00.000
577,true,1,577,1,2019-01-11 04:44:00.000,2019-01-11 04:44:00.000
579,true,1,579,1,2019-01-11 04:44:00.000,2019-01-11 04:44:00.000
580,true,1,580,1,2019-01-11 04:44:00.000,2019-01-11 04:44:00.000
581,true,1,581,1,2019-01-11 04:44:00.000,2019-01-11 04:44:00.000
582,true,1,582,1,2019-01-11 04:44:00.000,2019-01-11 04:44:00.000
583,true,1,583,1,2019-01-11 04:44:00.000,2019-01-11 04:44:00.000
584,true,1,584,1,2019-01-11 04:44:00.000,2019-01-11 04:44:00.000
585,true,1,585,1,2019-01-11 04:44:00.000,2019-01-11 04:44:00.000
586,true,1,586,1,2019-01-11 04:44:00.000,2019-01-11 04:44:00.000
587,true,1,587,1,2019-01-11 04:44:00.000,2019-01-11 04:44:00.000
588,true,1,588,1,2019-01-11 04:44:00.000,2019-01-11 04:44:00.000
589,true,1,589,1,2019-01-11 04:44:00.000,2019-01-11 04:44:00.000
590,true,1,590,1,2019-01-11 04:44:00.000,2019-01-11 04:44:00.000
591,true,1,591,1,2019-01-11 04:44:00.000,2019-01-11 04:44:00.000
592,true,1,592,1,2019-01-11 04:44:00.000,2019-01-11 04:44:00.000
593,true,1,593,1,2019-01-11 04:44:00.000,2019-01-11 04:44:00.000
594,true,1,594,1,2019-01-11 04:44:00.000,2019-01-11 04:44:00.000
595,true,1,595,1,2019-01-11 04:44:00.000,2019-01-11 04:44:00.000
596,true,1,596,1,2019-01-11 04:44:00.000,2019-01-11 04:44:00.000
597,true,1,597,1,2019-01-11 04:44:00.000,2019-01-11 04:44:00.000
598,true,1,598,1,2019-01-11 04:44:00.000,2019-01-11 04:44:00.000
599,true,1,599,1,2019-01-11 04:44:00.000,2019-01-11 04:44:00.000
600,true,1,600,1,2019-01-11 04:44:00.000,2019-01-11 04:44:00.000
601,true,1,601,1,2019-01-11 04:44:00.000,2019-01-11 04:44:00.000
602,true,1,602,1,2019-01-11 04:44:00.000,2019-01-11 04:44:00.000
603,true,1,603,1,2019-01-11 04:44:00.000,2019-01-11 04:44:00.000
604,true,1,604,1,2019-01-11 04:44:00.000,2019-01-11 04:44:00.000
605,true,1,605,1,2019-01-11 04:44:00.000,2019-01-11 04:44:00.000
606,true,1,606,1,2019-01-11 04:44:00.000,2019-01-11 04:44:00.000
607,true,1,607,1,2019-01-11 04:44:00.000,2019-01-11 04:44:00.000
608,true,1,608,1,2019-01-11 04:44:00.000,2019-01-11 04:44:00.000
609,true,1,609,1,2019-01-11 04:44:00.000,2019-01-11 04:44:00.000
610,true,1,610,1,2019-01-11 04:44:00.000,2019-01-11 04:44:00.000
611,true,1,611,1,2019-01-11 04:44:00.000,2019-01-11 04:44:00.000
612,true,1,612,1,2019-01-11 04:44:00.000,2019-01-11 04:44:00.000
613,true,1,613,1,2019-01-11 04:44:00.000,2019-01-11 04:44:00.000
614,true,1,614,1,2019-01-11 04:44:00.000,2019-01-11 04:44:00.000
615,true,1,615,1,2019-01-11 04:44:00.000,2019-01-11 04:44:00.000
616,true,1,616,1,2019-01-11 04:44:00.000,2019-01-11 04:44:00.000
617,true,1,617,1,2019-01-11 04:44:00.000,2019-01-11 04:44:00.000
618,true,1,618,1,2019-01-11 04:44:00.000,2019-01-11 04:44:00.000
619,true,1,619,1,2019-01-11 04:44:00.000,2019-01-11 04:44:00.000
620,true,1,620,1,2019-01-11 04:44:00.000,2019-01-11 04:44:00.000
621,true,1,621,1,2019-01-11 04:44:00.000,2019-01-11 04:44:00.000
622,true,1,622,1,2019-01-11 04:44:00.000,2019-01-11 04:44:00.000
623,true,1,623,1,2019-01-11 04:44:00.000,2019-01-11 04:44:00.000
624,true,1,624,1,2019-01-11 04:44:00.000,2019-01-11 04:44:00.000
625,true,1,625,1,2019-01-11 04:44:00.000,2019-01-11 04:44:00.000
626,true,1,626,1,2019-01-11 04:44:00.000,2019-01-11 04:44:00.000
627,true,1,627,1,2019-01-11 04:44:00.000,2019-01-11 04:44:00.000
628,true,1,628,1,2019-01-11 04:44:00.000,2019-01-11 04:44:00.000
630,true,1,630,1,2019-01-11 04:44:00.000,2019-01-11 04:44:00.000
631,true,1,631,1,2019-01-11 04:44:00.000,2019-01-11 04:44:00.000
632,true,1,632,1,2019-01-11 04:44:00.000,2019-01-11 04:44:00.000
633,true,1,633,1,2019-01-11 04:44:00.000,2019-01-11 04:44:00.000
635,true,1,635,1,2019-01-11 04:44:00.000,2019-01-11 04:44:00.000
636,true,1,636,1,2019-01-11 04:44:00.000,2019-01-11 04:44:00.000
637,true,1,637,1,2019-01-11 04:44:00.000,2019-01-11 04:44:00.000
639,true,1,639,1,2019-01-11 04:44:00.000,2019-01-11 04:44:00.000
640,true,1,640,1,2019-01-11 04:44:00.000,2019-01-11 04:44:00.000
641,true,1,641,1,2019-01-11 04:44:00.000,2019-01-11 04:44:00.000
642,true,1,642,1,2019-01-11 04:44:00.000,2019-01-11 04:44:00.000
643,true,1,643,1,2019-01-11 04:44:00.000,2019-01-11 04:44:00.000
644,true,1,644,1,2019-01-11 04:44:00.000,2019-01-11 04:44:00.000
645,true,1,645,1,2019-01-11 04:44:00.000,2019-01-11 04:44:00.000
646,true,1,646,1,2019-01-11 04:44:00.000,2019-01-11 04:44:00.000
647,true,1,647,1,2019-01-11 04:44:00.000,2019-01-11 04:44:00.000
649,true,1,649,1,2019-01-11 04:44:00.000,2019-01-11 04:44:00.000
650,true,1,650,1,2019-01-11 04:44:00.000,2019-01-11 04:44:00.000
651,true,1,651,1,2019-01-11 04:44:00.000,2019-01-11 04:44:00.000
652,true,1,652,1,2019-01-11 04:44:00.000,2019-01-11 04:44:00.000
654,true,1,654,1,2019-01-11 04:44:00.000,2019-01-11 04:44:00.000
655,true,1,655,1,2019-01-11 04:44:00.000,2019-01-11 04:44:00.000
656,true,1,656,1,2019-01-11 04:44:00.000,2019-01-11 04:44:00.000
657,true,1,657,1,2019-01-11 04:44:00.000,2019-01-11 04:44:00.000
658,true,1,658,1,2019-01-11 04:44:00.000,2019-01-11 04:44:00.000
659,true,1,659,1,2019-01-11 04:44:00.000,2019-01-11 04:44:00.000
660,true,1,660,1,2019-01-11 04:44:00.000,2019-01-11 04:44:00.000
629,true,1,629,1,2019-01-11 04:44:00.000,2019-01-11 04:44:00.000
634,true,1,634,1,2019-01-11 04:44:00.000,2019-01-11 04:44:00.000
648,true,1,648,1,2019-01-11 04:44:00.000,2019-01-11 04:44:00.000
653,true,1,653,1,2019-01-11 04:44:00.000,2019-01-11 04:44:00.000
661,true,1,661,1,2019-01-11 04:44:00.000,2019-01-11 04:44:00.000
662,true,1,662,1,2019-01-11 04:44:00.000,2019-01-11 04:44:00.000
663,true,1,663,1,2019-01-11 04:44:00.000,2019-01-11 04:44:00.000
664,true,1,664,1,2019-01-11 04:44:00.000,2019-01-11 04:44:00.000
665,true,1,665,1,2019-01-11 04:44:00.000,2019-01-11 04:44:00.000
666,true,1,666,1,2019-01-11 04:44:00.000,2019-01-11 04:44:00.000
667,true,1,667,1,2019-01-11 04:44:00.000,2019-01-11 04:44:00.000
668,true,1,668,1,2019-01-11 04:44:00.000,2019-01-11 04:44:00.000
669,true,1,669,1,2019-01-11 04:44:00.000,2019-01-11 04:44:00.000
670,true,1,670,1,2019-01-11 04:44:00.000,2019-01-11 04:44:00.000
671,true,1,671,1,2019-01-11 04:44:00.000,2019-01-11 04:44:00.000
672,true,1,672,1,2019-01-11 04:44:00.000,2019-01-11 04:44:00.000
673,true,1,673,1,2019-01-11 04:44:00.000,2019-01-11 04:44:00.000
674,true,1,674,1,2019-01-11 04:44:00.000,2019-01-11 04:44:00.000
675,true,1,675,1,2019-01-11 04:44:00.000,2019-01-11 04:44:00.000
676,true,1,676,1,2019-01-11 04:44:00.000,2019-01-11 04:44:00.000
677,true,1,677,1,2019-01-11 04:44:00.000,2019-01-11 04:44:00.000
679,true,1,679,1,2019-01-11 04:44:00.000,2019-01-11 04:44:00.000
680,true,1,680,1,2019-01-11 04:44:00.000,2019-01-11 04:44:00.000
678,true,1,678,1,2019-01-11 04:44:00.000,2019-01-11 04:44:00.000
681,true,1,681,1,2019-01-11 04:44:00.000,2019-01-11 04:44:00.000
682,true,1,682,1,2019-01-11 04:44:00.000,2019-01-11 04:44:00.000
683,true,1,683,1,2019-01-11 04:44:00.000,2019-01-11 04:44:00.000
685,true,500,685,1,2019-01-11 04:44:00.000,2019-01-11 04:44:00.000
686,true,500,686,1,2019-01-11 04:44:00.000,2019-01-11 04:44:00.000
688,true,1,688,1,2019-01-11 04:44:00.000,2019-01-11 04:44:00.000
689,true,1,689,1,2019-01-11 04:44:00.000,2019-01-11 04:44:00.000
690,true,1,690,1,2019-01-11 04:44:00.000,2019-01-11 04:44:00.000
691,true,1,691,1,2019-01-11 04:44:00.000,2019-01-11 04:44:00.000
692,true,1,692,1,2019-01-11 04:44:00.000,2019-01-11 04:44:00.000
687,true,500,687,1,2019-01-11 04:44:00.000,2019-01-11 04:44:00.000
696,true,1,696,1,2019-01-11 04:44:00.000,2019-01-11 04:44:00.000
697,true,1,697,1,2019-01-11 04:44:00.000,2019-01-11 04:44:00.000
698,true,1,698,1,2019-01-11 04:44:00.000,2019-01-11 04:44:00.000
699,true,1,699,1,2019-01-11 04:44:00.000,2019-01-11 04:44:00.000
700,true,1,700,1,2019-01-11 04:44:00.000,2019-01-11 04:44:00.000
701,true,1,701,1,2019-01-11 04:44:00.000,2019-01-11 04:44:00.000
702,true,1,702,1,2019-01-11 04:44:00.000,2019-01-11 04:44:00.000
703,true,1,703,1,2019-01-11 04:44:00.000,2019-01-11 04:44:00.000
704,true,1,704,1,2019-01-11 04:44:00.000,2019-01-11 04:44:00.000
705,true,1,705,1,2019-01-11 04:44:00.000,2019-01-11 04:44:00.000
706,true,1,706,1,2019-01-11 04:44:00.000,2019-01-11 04:44:00.000
707,true,1,707,1,2019-01-11 04:44:00.000,2019-01-11 04:44:00.000
708,true,1,708,1,2019-01-11 04:44:00.000,2019-01-11 04:44:00.000
709,true,1,709,1,2019-01-11 04:44:00.000,2019-01-11 04:44:00.000
710,true,1,710,1,2019-01-11 04:44:00.000,2019-01-11 04:44:00.000
695,false,500,695,1,2019-01-11 04:44:00.000,2019-01-11 04:44:00.000
694,false,500,694,1,2019-01-11 04:44:00.000,2019-01-11 04:44:00.000
693,false,500,693,1,2019-01-11 04:44:00.000,2019-01-11 04:44:00.000
684,false,500,684,1,2019-01-11 04:44:00.000,2019-01-11 04:44:00.000
